<?xml version="1.0" encoding="UTF-8" standalone="yes"?>
<theme version="1.0">
    <description>CrunchyRoll Theme by: SkixBloo</description>
    <font>
	    <file>PokemonSolidNormal-xyWR.ttf</file>
	    <size>14</size>
	    <color><red>90</red><green>90</green><blue>90</blue><alpha>255</alpha></color>
    </font>
    <font target="button">
	    <file>PokemonSolidNormal-xyWR.ttf</file>
		<color><red>90</red><green>90</green><blue>90</blue><alpha>255</alpha></color>
    </font>
	<font target="button_desel">
	    <file>PokemonSolidNormal-xyWR.ttf</file>
		<color><red>90</red><green>90</green><blue>90</blue><alpha>128</alpha></color>
    </font>
    <font target="dlgtitle">
	    <file>PokemonSolidNormal-xyWR.ttf</file>
	    <size>20</size>
    </font>
    <font target="appname">
	    <size>18</size>
    </font>
	<font target="appdesc">
	    <size>14</size>
	    <color><red>90</red><green>90</green><blue>90</blue><alpha>179</alpha></color>
    </font>
    <font_color>
        <red>90</red>
        <green>90</green>
        <blue>90</blue>
        <alpha>222</alpha>
    </font_color>
    <progress_gradient>
        <upper_left>
            <red>90</red>
            <green>90</green>
            <blue>90</blue>
            <alpha>255</alpha>
        </upper_left>
        <upper_right>
            <red>90</red>
            <green>90</green>
            <blue>90</blue>
            <alpha>90</alpha>
        </upper_right>
        <lower_left>
            <red>90</red>
            <green>90</green>
            <blue>90</blue>
            <alpha>255</alpha>
        </lower_left>
        <lower_right>
            <red>90</red>
            <green>90</green>
            <blue>90</blue>
            <alpha>255</alpha>
        </lower_right>
    </progress_gradient>
</theme>
